VERBATIM,CODES,PREDICTIONS
La calidad de su producto,9201,['9201']
"Me gusta el caf√©, la atenci√≥n en la boutique donde voy habitualmente y el trato en general en cualquiera de las boutiques.","9201,9701","['9201', '9701']"
"Es absurdo la escasez de algunas ediciones especiales. Tengo newsletters activadas, y no puedo disfrutar de gingerbread latte. El a√±o pasado me pas√≥ lo mismo con la pumpkin spice cake. Es una verguenza.",0206,['0206']
Es la mejor manera de tomar buen caf√© y r√°pido. ,9995,['9201']
"El paquete no fue entregado en mi domicilio, pese a que hab√≠a personas en el mismo; y cuando fui a recogerlo al punto de entrega de SEUR la caja y parte de su interior estaba mojada.","0104,0101",['0104']
"No quiero chatear, quiero que me arreglen la m√°quina, no tengo tiempo para chatear sobre mi m√°quina de caf√©",0095,['0406']
Per primera vegada hem tingut problemes amb l'entrega de la comanda. Probablement pel servei de l'empresa de transport: SEUR que a la zona del Pened√®s Garraf no funciona massa b√©.,0104,[]
"Dede el d√≠a 05/11/23 tengo una incidencia para una recogida de una Cafetera Vertuo Next para revisi√≥n y reparaci√≥n dentro de garantia, y la entrega de otra cafetera de sustituci√≥n y a d√≠a de hoy sigo sin soluci√≥n. Es lamentable y de una impotencia que no se puede expresar en palabras. Exigo una,soluci√≥n inmediata.","0402,0405",['0406']
En la √∫ltima compra me sirvieron un caf√© diferente al que yo compr√© y de una de las variedades me dieron un tubo de menos como lo comprob√© en casa llame para poder hacer el cambio en la tienda cerca de casa Leganes ya q me marchaba de viaje y no fue posible me ofrecieron descambiarlo en la tienda de gran v√≠a donde lo compr√© y ten√≠a que llevar toda la compra con el consiguiente peso evidentemente estaba fuera de Madrid y no puede hacerlo con lo cual me tendr√© que tomar un caf√© q ni me gusta demasiado ,"0103,0808",['0103']
"Llamadas de tel√©fono no satisfactorias. Varios empleados atendiendo. 45 minutos de tel√©fono. Est√°  todo gravado ,compru√©belo.",0808,['0808']
Me resolvieron satisfactoriamente la tramitaci√≥n para el arreglo de la cafeterea,9801,['9401']
Atencion nula en maquina nueva,0808,['0104']
No me resolvieron una aver√≠a en la m√°quina. Quedaron de llamar y no lo han hecho,0808,['0406']
Tengo una m√°quina nueva vertuo y no me gusta nada prefer√≠a el modelo cl√°sico mucho mejor ,0207,['0208']
"Si miran mi ficha de cliente ver√°n la incidencia que tuve con una m√°quina, la reparaci√≥n y el reparto de la misma, dis meses para solucionarlo. Servicio P√âSIMO ",0808,['0104']
Servicio pesimo,0095,[]
La √∫nica decepci√≥n el transporte ,0104,[]
"Buenas m√°quinas, servicio y buen producto ","9201,9995","['9201', '9401']"
Porque me gusta ,9995,[]
"Cada capsula es un mundo diferente , tienen sabores distintos y muy interesantes . Me gustan todas las capsulas ",9201,['9201']
"Ten√≠a una cafetera Nespresso Krups Essenza, que han enviado a taller para reparar. Tres veces se repiti√≥ la operaci√≥n. Me enviaban una cafetera de sustituci√≥n. Yo Insist√≠a al Servicio T√©cnico que, aunque me ampliaban garant√≠a 6 meses, ya no me fiaba de la m√°quina y que volver√≠a a fallar. Dicho y hecho. Es exactamente lo que ha ocurrido. La m√°quina se ha vuelto a estropear.  A partir de ah√≠, todo ha sido surrealista. Llamo y me informan que estoy sin garant√≠a. Con lo cual para arreglar la m√°quina deb√≠a enviar la m√°quina, pagando portes, y gastos de reparaci√≥n (60 ‚Ç¨). Lo he dudado, pero pens√© que ya era suficiente. He estado a punto de cambiar a otra marca (Dolce Gusto). Pero, finalmente, he comprado otra m√°quina Nespresso (marca De Longhi). Lo siento mucho, de todas formas, Nespresso. me ha defraudado, despu√©s de tantos a√±os de ser cliente suyo.","0207,0202,0808",['0406']
"Cafe excelente, gusto exquisito",9201,['9201']
Perqu√® el personal del establiments Nespresso donen un tracte excel¬∑lent i els productes s√≥n magn√≠fics.,9801,"['9201', '9701']"
"Estoy a la espera de soluci√≥n con mi contrato actual. El caf√© es horrible sin cuerpo, el de s√∫per es m√°s bueno. Fui a la tienda y me dijeron que otra m√°quina de mejor calidad hace el caf√© mejor, no me lo ofrecieron cuando fui a cambiar mi cafetera. He reclam√≥ la llamada para ver c√≥mo lo solucionamos, puesto q si no me espera un a√±o de tomar caf√© de baja calidad para lo que nosotros record√°bamos de tomar vuestro caf√© hace a√±os. ","0206,0808","['0206', '0701', '0808']"
Esperar 4 d√≠as en mi casa encerrado esperado al se√±or del cafe,0102,['0102']
"A√∫n espero una m√°quina de repuesto y m arreglen la m√°quina que se ha roto con solo 3 meses..  A√∫n no m ha llegado la m√°quina de respuesta, supuestamente en demora, as√≠ q mi experiencia es p√©sima despu√©s de gastar un dineral en caf√©.. ","0405,0403","['0401', '0406']"
"Practicitat, comoditat, per√≤ l'aroma i sabor del caf√® no es poden comparar al gra acabat de moldre i fet amb una bona cafetera.",9201,['9201']
"La solucion ofrecida no es acorde a lo esperado. Pagar 80‚Ç¨ por una reparacion donde el servicio tecnico del fabricante es mucho menor, despues de tantos a√±os como cliente‚Ä¶ deja mucho que desear. Seguramente valorare dejar de consumir la marca",0202,['0202']
Sempre el tracte a la botiga √©s excel¬∑lent i el cafe millor cada dia,9701,"['9201', '9701']"
"Las entregas no se est√°n cumpliendo, las dos ultimas muy mal!!",0102,['0102']
Amb van enganya ,0095,[]
"Me diriji a la tienda en mi ciudad, Girona, para poder realizar un cambio y todo fueron problemas malas contestaciones solicite la hoja oficial de reclamaciones que se me entreg√≥ sin ning√∫n problema, al final como era un regalo para mi hijo y mi nuera, compr√© lo que quer√≠an y me qued√© igualmente con lo que pretend√≠a cambiar, muy molesto y decepcionante despu√©s de tantos a√±os, una pena la verdad ",0701,['0701']
La empresa de reparto (seur) deja BASTANTE que desear,0104,['0104']
El producto es excelente ,9201,['9201']
"Compr√© una m√°quina VERTUO que me dur√≥ 11 meses, me la cambiaron por otra porque afortunadamente estaba en garant√≠a (tras todas las operaciones prescriptivas de limpieza). Esta otra nueva me ha durado 6 meses escasos, con soporte t√©cnico que ""deshauci√≥"" la m√°quina plante√°ndome la opci√≥n de comprar una nueva o repararla (70Euros) con una garant√≠a de reparaci√≥n de 6 meses, esto es, m√°ximo de duraci√≥n de 1 a√±os siendo nueva en base a la garant√≠a original de compra que hab√≠a evidentemente cesado, sin considerar que la m√°quina en s√≠, no tiene NI 6 MESES facilitada por NESPRESSO poniendo en serias dudas  la calidad del art√≠culo de reemplazo. En conclusi√≥n ninguna de las m√°quinas ha durado m√°s de 1 a√±o sin problemas.  Ah√≠ lo dejo. Sobran las palabras, los hechos hablan por s√≠ mismos.  ",0207,"['0202', '0406']"
Compr√© una m√°quina hace menos de dos meses y se qued√≥ bloqueada y tuve que enviarla y me env√≠an con excusa barata una quit√°ndome posibilidades de hacer caf√© con leche y no me han compensado como yo queria,"0207,0405",['0202']
Porque es la segunda vez que me llega el paquete abierto y me han quitado 2 tubos de caf√© ,0101,['0103']
"La cafetera es maginifica y los caf√©s dan la talla, muy buen servicio de atenci√≥n al cliente frente a alguna incidencia que sufr√≠.",9201,"['9201', '9701']"
La maquina de cortesia vino estropeada. Nadie lo supo solucionar,"0405,0808",['0405']
El producto es de muy buena calidad y el trato excelente.,"9201,9801","['9201', '9701']"
Sempre estan atents als clients i troben la soluci√≥ optima,9801,['9701']
En el √∫ltimo pedido me tardo m√°s de 1 semana en llegar a casa y no antes de reclamarlo hasta en 3 ocasiones tanto a la agencia de trasporte como a Nespreso por √∫ltimo. Si q esa verdad que el trato y la celeridad de Nespreso a sido exquisito. En anteriores env√≠os ven√≠an con SEUR y nunca tuve problema alguno.,"0102,9801",['0102']
Per que m‚Äôagrada l‚Äôatenci√≥ i el producte,"9801,9201",['9995']
Perque m'encanta Nespresso,9201,[]
"La relaci√≥n calidad precio esta bajando, cada vez m√°s siento que pago mucho por una calidad igual a otras marcas",0206,['0201']
La entrega no es va fer en la franja demanada,0102,['0102']
"Vaig trucar per dir que a les caixes em van sortir varies c√†psules aixafades , i em van dir que fes una foto i les envies per mail, com si no fos veritat, com si volgu√©s reclamar alguna cosa, que no era la meva intenci√≥, nom√©s avisar a Nespresso que sortien c√†psules deteriorades  ","0101,0808",['0095']
No m√©s tens que mirar les incid√©ncies obertes per l‚Äô√∫ltima comanda,0095,[]
La ultima compra que hice en tienda me atendieron muy mal.,0701,['0601']
1.-El caf√© tiene demasiada espuma  2.-El producto sale caro 3.-La atenci√≥n es deficiente 4.-Las m√°quinas salen con problemas,"0206,0201,0808,0207",['0208']
"La temperatura del caf√© es mucho m√°s baja que ninguna de las cafeteras, incluidas 2 Nespresso, que he tenido. ",0208,['0206']
"Hice un pedido grande , me dijeron que se servir√≠a en 24-48 horas y no se cumpli√≥ porque el pedido lleg√≥ en tres d√≠as distintos y una de las cajas  abierta ","0102,0101","['0101', '0102']"
Por su excelente atenci√≥n al p√∫blico. Amabilidad y facilidad aparte de buen asesoramiento ,9801,['9601']
"Somos clientes de nespresso. Muchos  a√±os y nos gusta mucho,",9201,['9203']
Me encanta el caf√© y sobretodo el nuevo Vertuo,9201,['9201']
Me gusta Nespresso!,9201,['9995']
Productos de calidad. Siempre que hemos tenido alg√∫n problema nos lo han solucionado r√°pido. ,"9201,9801",['9995']
"Cafe bueno, pero muy caro","9201,0201","['0201', '9201']"
Trato exquisito ,9801,['9995']
"Una m√°quina nesspreso Vertuo, tengo dos. Una de ellas con poco m√°s de dos a√±os no funciona. Una m√°quina que no tiene un uso excesivo. Arreglarla cuesta ahora m√°s que comprar una nueva. Con el servicio t√©cnico gaste un mont√≥n de pastillas, l√≠quido para limpiar,‚Ä¶ y al final no sirvi√≥ para nada. ","0207,0202",['0401']
Gran variedad y siempre hay ediciones limitadas muy interesantes ,9201,['0206']
"Su pedido tardo m√°s de 10 d√≠as en llegar, me quitaron el kit de regalo, el env√≠o estaba abierto, fue molesto llamar muchas veces para que hicieran algo.","0102,0101,0808","['0102', '0202']"
Estoy satisfechs,9995,[]
No he podido arreglar la m√°quina. La √∫ltima k compr√© hace tres meses ya est√° tmb en reparaci√≥n. As√≠ k estoy sin m√°quina y sin informaci√≥n d la mi reparaci√≥n ,"0207,0404",['0406']
"En tienda siempre una arencion buenisima. Online muy rapido el envio. Y por supuesto el cafe muy bueno, me encanta cuando sacais nuevos de temporada .Ah! Y encantada con la maquina Vertuo, nos gusta mas que las otras.","9701,9501,9201","['9201', '9701']"
Me encanta ,9995,['9995']
Porque ignoran a los clientes. ,0204,['0204']
La persona que me atendi√≥ fue muy amable y resolvi√≥ mis dudas ,9801,['9801']
EL PEDIDO VINO PERFECTO COMO SIEMPRE Y EN EL TIEMPO ESTIPULADO.,9101,['9101']
"Mal√≠sima atenci√≥n telef√≥nica, me trataron c√≥mo si fuera un delincuente.",0808,['0808']
En  is 2 √∫ltimos pedidos he tenido que hacer reclamac√≠√≥n por retraso excesivo en el primero y por falta de material en el √∫ltimo,"0102,0103","['0102', '0103']"
"El pedido tardo una semana en servirse, y en cada llamada que hice se me daba informaci√≥n equivocada, (falsa?), sobre el estado del env√≠o, sin embargo, el cobro s√≠ que se realiz√≥ diligentemente. Mi petici√≥n de cancelaci√≥n y reintegro del importe abonado fue desatendido.","0102,0808","['0102', '0808']"
"El servicio de atenci√≥n al cliente es excelente, bien preparado y con un trato maravilloso.",9801,['9701']
"La ultima experiencia en por una aver√≠a de mi maquina, y tras varios intentos, aun estoy esperando que me llamen para decirme algo al respecto",0404,['0406']
"La entrega del √∫ltimo pedido fue insatisfactoria, al ser entregado en un punto de recogida en lugar de en mi casa, sin consultarme dicho cambio, y estando disponible para recepcionar el paquete. ",0104,['0102']
Error tras error,0095,['0095']
.,0009,['0009']
Estuvimos en la Boutique de Nespresso y el trato fue encantador por parte del chico que nos atendi√≥. Nos aconsejo y ayudo en todo momento e hizo la experiencia mucho mas amena,9701,['9701']
Solo me gusta el caf√© de nespresso.,9201,['9201']
Solicito la baja de una suscripci√≥n a los 12 meses y recibo dos correos que la baja es por no tener domiciliaci√≥n bancaria y otra con otro motivo diferente al real. No entiendo nada.,0205,[]
La chica q me atendi√≥ muy amable ,9801,['9601']
"Tras comprar 3 m√°quinas de Nespresso Classic adicionales (ya tengo 5), me concedieron una serie de c√≥digos para un descuento de 30 euros en c√°psulas por cada nueva m√°quina. Tras canjear sin problema los 3 c√≥digos con mi usuario, en 3 pedidos diferentes, me llega un mail diciendo que debo ponerme en contacto. Tras hablar con ellos, y no saber qu√© pasaba (solo ten√≠an acceso a uno de mis pedidos, no a los otros 2) me comentaron que ‚Äúdesde arriba‚Äù me hab√≠an llamado y no hab√≠a contestado (algo completamente falso) y me comentan que no pueden lanzar 2 de los 3 pedidos (3 pedidos que hab√≠a pagado que hab√≠a hecho, porque los c√≥digos no son v√°lidos para el mismo usuario (pero la plataforma Nespresso, sin embargo si los valida y admite). No solo no recib√≠ los pedidos en el d√≠a que los ped√≠, sino que lleg√≥ el primero un d√≠a tarde.  Para los otros dos, me llamaron ‚Äúdesde arriba‚Äù finalmente para decirme que ten√≠a que crearme cuentas diferentes para canjear los c√≥digos, y que solo crearmelas y pasar el id de usuario (me dijeron que a trav√©s de la cuenta que ten√©is en WhatsApp) y que autom√°ticamente me asociaban los pedidos a ese user y los lanzaban.  Tras crear los nuevos user, por WhatsApp me comentan que eso no es posible, y que tienen que cancelar los pedidos (ya han pasado 2 d√≠as desde que los ped√≠) y llamo al siguiente d√≠a y me dicen que ya los han cancelado, que puedo volver a efectuar los pedidos y volver a meter el c√≥digo. Lo hago, y vuelve a haber un problema con el tercer pedido. Problemas infinitos‚Ä¶","0202,0102",['0095']
General bien la tele asistencia valoraci√≥n es buena,9801,[]
Porque he hecho un pedido que lo pague pero no lo he recibido. Lo he reclamado var√≠as veces y sigo sin el pedido.,0102,['0102']
El mejor caf√© que he probado y la variedad increible :)  Falta que hagais algun cafe latte (con leche incorporada). Seria de 10!!!!,9201,['9201']
La meva targeta caducada. Vaig notificar la nova a la botiga i em van dir que no ho podien fer desde la botiga. Record√≥ que en vaig donar d'alta a la Illa i no van posar cap pega per anotar-se el n√∫mero de la targeta. VERGONY√íS,0701,[]
Puedes elegir el tipo de caf√© que m√°s te gusta,9201,['0206']
No todo es satisfactorio y depende de la s gustos puedes recomendae o no ,0095,[]
"El motivo es por el envio del pedido, ya que en la comora solicit√© el envio a domicilio. Y dejaron el paquete en cas de una vecina sin mi consentimiento y sin avisar.",0104,['0104']
La atencion telef√≥nica muy buena. Pero la entrega del pedido no estuvo correcta. Espec√≠fico que sea de tarde y lo entregaron por la ma√±ana.,"9801,0104","['0102', '0808']"
"Facilidad para hacer los pedidos, entrega rapid√≠sima y la calidad de siempre de Nespresso","9101,9201","['9101', '9201']"
"Las c√°psulas y el caf√© espumoso que se obtiene, no tiene igual ",9201,['9201']
Estoy un poco decepcionado con el servicio t√©cnico ,0406,['0406']
"La atenci√≥n al cliente es impecable, pero la soluci√≥n no llega.",0808,['0808']
"Es la segunda vez que un pedido no llega conforme a lo especificado. En ambos casos, tras contactar telef√≥nicamente con atenci√≥n al cliente y obtener una respuesta satisfactoria de palabra, finalmente no se llevo a cabo como cabr√≠a esperar. En concreto en esta √∫ltima no he podido probar la variedad de Gengibre, he tenido que ir a una tienda f√≠sica a devolver las capsulas equivocadas en el env√≠o y finalmente espero un abono que supongo estar√° en tr√°mite.","0102,0702","['0103', '0808']"
Llego un pedido con 4 dias de retraso teniendo que conprar exactamente lo mismo por 2 veces. En cuanto acabe las capsulas no pienso seguir con nesspreso,0102,['0102']
"Me ha decepcionado MUCHO el que no me hayan contestado cuando contact√© para consultar que una de mis 3 m√°quinas, pierde agua.",0404,['0104']
Rapidez y y llega todo perfecto.,9101,['9101']
Calidad a su justo precio ,9201,['0201']
Creo que en algunos caf√©s se deber√≠a anotar la.  Valoraci√≥n de ciertos caf√©s nuevos por que con el Uganda  c√°psulas no me gusto. Nada ,0206,['0206']
La atenci√≥n al cliente es muy buena,"9201,9201",['9701']
"El problema es que en Sevilla s√≥lo hab√©is dejado una tienda nespresso que esta situada en un centro comercial a las afueras y resulta muy inc√≥modo tener que desplazarse a ese lugar. Ya he tenido problemas en 2 de los pedidos online y aunque lo solucionan, no qued√≥ totalmente satisfecho por tener que desplazarme ",0708,"['0103', '0708']"
Siempre me hab√©is atendido muy bien ,9801,['9801']
"M√°s que para vosotros es para Seur, lleg√≥ el paquete reprecintado ,lo que hab√≠a pedido con tazas incluidas todo descolocado ,dos paquetes de caf√© abiertos me faltaban otros dos paquetes y una taza.Gasto del pedido 226 euros para que llegue as√≠.","0104,0101","['0101', '0103']"
"Atenci√≥n, servicio y eficacia ",9801,['9995']
"Desde siempre perfecto, ya lo tomo desde que empez√≥ en el mercado. Solo bebemos nexpresso en casa.",9201,['9201']
Buena calidad,9201,['9201']
"Me hicieron el pedido mal, no solucionaron el problema","0103,0808",['0103']
"Me llego el paquete totalmente deteriorado. La verdad es que la chica que me atendi√≥ por tfno fue muy maja. Quedamos en que recog√≠an el paquete deteriorado y me entregaban el nuevo el viernes a la tarde. Hoy, jueves , me han tra√≠do el paquete nuevo, que por cierto me ha alegrado porque no tenia ni gota de caf√© , pero no hab√≠a nadie en casa y he tenido que molestar a una vecina.  Por otro lado, no he recibido ni una disculpa, ni un detallito, ni nada de nada . No es una obligaci√≥n pero, ya que a mi me han supuesto unas molestias y un disgusto, sobre todo cuando abr√≠ la caja y llen√© toda mi cocina de caf√©,  que a√∫n estoy recogiendo caf√©. ","0101,0104","['0101', '0102']"
"Aunque la calidad del caf√© es muy buena, encuentro muy alto el precio de las c√°psulas ","9201,0201",['0201']
"Es la √∫nica vez que me han cobrado gastos de env√≠o 1,90 euros que nunca se me advirti√≥ de dicho gasto, lo he reclamado sin exito a pesar de recibir muchos correos de promociones sin gastos de env√≠o.HAN PERDIDO UN CLIENTE ",0202,['0202']
La pagina web para elegir una maquina es muy confusa. No se sabe ni las maquinas que hay ni la que compraste.,0501,['0501']
Una c√°psula estaba reventada dentro del tubo,0101,['0101']
Personalmente siempre Nespresso me ha atendido muy r√°pido muy amables y muy resolutivos ,9801,['9701']
Ten√©is el mejor servicio al cliente que conozco,9801,['9995']
Compr√© una m√°quina vertuo en marzo y desde entonces todo ha sido una mala aventura‚Ä¶ la m√°quina se ha da√±ado por segunda vez y hemos estado m√°s de dos semanas Sidney caf√©‚Ä¶ esperando a poder recibir la de sustituci√≥n y con miedo a ver c√≥mo nos devuelven la m√°quina nuevamente reparada ,"0207,0405",['0406']
Que el servicio y la atenci√≥n es excelente,9801,['9701']
"Me gusta el cafe, el dise√±o de las maquinas, la experiencia, tofo en general",9201,"['0208', '9201']"
hace bastantes a√±os que tengo la maquina y siempre me han atendido muy bien.,9801,['9701']
Nos gusta mucho Nespresso y la atenci√≥n del personal en tienda inmejorable lo que me decepciona es que me lleguen las promociones caducadas vaya a canjearlos a la tienda y me vaya con las manos vac√≠as y encima gasto de gasolina y parkin. ,"9201,9801,0202",['0202']
"El pedido ha llegado en muy mal estado. Caja parcialmente abierta, c√°psulas aplastadas y faltan c√°psulas.  Ya he realizado la queja y se me ha hecho el remplazo del producto da√±ado, pero a√∫n as√≠ ha sido molesto el tener que estar 30 minutos al tel√©fono y tener que estar esperando a los diferentes repartidores, uno para la recogida y otro para la entrega. ","0101,0808",['0103']
"La subida del precio del servicio a domicilio te obliga a buscar una tienda, que no hay en muchos pueblos",0201,"['0201', '0708']"
Me la arreglaron y ha durado 6 meses,0207,['0401']
"El reparto fatal, dos d√≠as tarde y estando en casa pusieron que estaba ausente al tercer d√≠a todo bien. Tarde pero bien.",0104,['0104']
"Por que todo fue muy bien, gracias",9995,['9995']
Soy socio 971444 he tendido durante muchoa a√±os una Nesprsso compre una Vertuo y todo un desastre puedo verlo en mi expediente . La actutud del Dept Tecnico tenia que llamarme y todavia espero la llamada del Dept Tecnico  Los agentes telefonico muy bien Mi experiencia en la cafetera Vertuo un desastre y despues de comentarlo con otras persona ya se de otra que le paso lo mismo  ,"0207,0406","['0202', '0406']"
Estoy muy contenta tanto con el producto como con la atenci√≥n al cliente.,"9201,9801","['9201', '9701']"
Les gusta a m√≠ familia ,9995,[]
.,0009,['0009']
"Te atienden muy amablemente,  te ayudan a elegir los sabores, y son muy simp√°ticas ",9801,['9601']
El caf√© est√° muy bueno y es muy c√≥modo‚Ä¶pero es muy dif√≠cil para una persona sola conseguir alguna de las promociones ,"9201,0202",['0202']
Buen caf√© y gran variedad,9201,"['0206', '9201']"
El cafe es burnisimo pero se me estropeo la msquina me la recogieron y me dejaron otra pero esta tampoco funciona hace 15 dias y no se nada,"9201,0405,0404",['0406']
"Me gusta el producto, si bien el precio lo considero alto.","9201,0201","['0201', '9201']"
Hace dos a√±os compre una cafetera vertuo y no funciona soy cliente de hace muchisimos a√±os la cafetera me duro mucho pero ahora dos a√±os y comprar otra nueva no me parece bien.Mi marido se llama Jose Rubau pero yo esta la compre a mi nombre pero pueden comprobar los a√±os que hace que somos clientes,0207,['0103']
"Calidad, precio, el mejor caf√© que hay.",9201,"['0201', '9201']"
Siempre que entrado en una tienda nespresso e salido totalmente satisfecho sobre todo por la atenci√≥n del personal ,9701,['9701']
Todo genial.,9995,['0009']
"Aunque la calidad es excelente, el precio de las c√°psulas es superior a otras del mercado.","9201,0201",['0201']
La dependienta fue muy amable y me ayudo ,9701,['9601']
üëç,9995,[]
  .,0009,['0009']
Siempre he sido muy bien atendida tanto por tel√©fono como personalmente,9801,"['9701', '9801']"
"Estoy decepcionada con una empleada de la boutique Nespresso, que est√° en el Centro Comercial Nevada Shopping, de Armilla - Granada. Lo que har√©, es siempre que vaya a comprar caf√© y est√© ella, no entrar√©. Lo comprar√© en otro momento. Y as√≠ soluciono las pocas ganas que tengo de que me atienda porque es nefasta (en mi humilde opini√≥n).",0701,['0701']
"Tot correcta i si surgeig quelcom , sempre ajudeo a resoldrel.",9801,[]
Precio ,0201,['0201']
Todo es mejorable,9995,[]
"Con motivo de la caducidad de mi anterior tarjeta prepago que es la √∫nica que utilizo para compras por internet con el fin de evitar posibles estafas, necesit√© cambiar la anterior que obra en mis datos de la web de Nesspreso, y me fue totalmente imposible localizar en mi √°rea de cliente de la web donde puedo quitar la caducada para poner la nueva, de tal forma que cuando hiciera el siguiente pedido no haya ning√∫n problema con el pago.  Ya lo hice en distintas plataformas como Amazon, Aliexpress, etc., donde pude hacerlo con suma facilidad. Con Nespresso no hubo forma.  Llam√© a Nespresso, pero textualmente me dijeron que ellos a lo √∫nico que se dedican es a vender c√°psulas (¬ø¬ø¬ø???), no teniendo ni idea de como puedo cambiarla. Fueron ellos los que me han dieron esta direcci√≥n de correo electr√≥nico (datos.personales@nespresso-sp.es), donde envi√© un correo solicitando ayuda en fecha 20/10/2023, pero absolutamente nadie me contest√≥.  Es decir, si llamo para comprar c√°psulas se ""tiran como lo locos"", pero si necesitas ayuda... b√∫scate la vida.  La verdad, deja mucho que desear y muy decepcionado.","0501,0808",['0208']
"Se ha estropeado una de mis maquinas Nespresso. La persona que me atendi√≥ muy mal fue la √∫ltima llamada del d√≠a 14 por la tarde, me explic√≥ que podr√≠a comprar una maquina por 1‚Ç¨, pagando 20‚Ç¨ durante 12 meses. A lo que yo le dije: ¬øsin capsulas y pagando un total de 240‚Ç¨? Y ella confirm√≥ que as√≠ era  El 15 por la ma√±ana volv√≠ a llamar para aclarar lo que me dijeron el d√≠a anterior, y me explicaron bien como comprar una m√°quina nueva de Nespresso con los plazos, pero que s√≠ podr√≠a cambiar ese importe por caf√©. Al no encontrar una Inissia blanca en vuestra p√°gina volv√≠ a llamar y me dijo que en Nespresso no podr√≠a encontrar una Inissia de color blanco, as√≠ que llam√© a El Corte Ingl√©s y en 2h tuve una Inissia blanca en casa. Por cierto, la cajita de capsulas que lleva incluida se ha reducido mucho, ahora lleva muy pocas capsulas.  La persona del d√≠a 14 por la noche no entiende lo que est√° explicando",0808,"['0202', '0808']"
Lo recomendar√≠a si usan c√°psulas de caf√©.,9995,['9995']
Simplemente me gusta el caf√© y el trato personal,"9201,9801","['9201', '9701']"
"Tenido ning√∫n problema con Nespresso hasta ahora. Llevo esperando un pedido de c√°psulas m√°s de siete d√≠as y aunque es cierto que me recompensaron con dos paquetes no me sirve ya que necesito la cantidad que compre que por cierto no fueron pocas en concreto, 450 y aqu√≠ sigo esperando",0102,['0102']
Mi m√°quina Vertuo se ha estropeado 2 veces en 2 a√±os; actualmente en el taller desde hace m√°s de un mes y disfruto de una m√°quina en pr√©stamo; estoy preocupada de que en un a√±o cumple la garant√≠a oficial de 3 a√±os y tendr√© una m√°quina arreglada pero con mal futuro. No estoy a favor de electrodom√©sticos con esta corta obsolescencia; es muy poco sostenible. Gracias.,"0207,0302",['0406']
En las ultimas entregas ha habido 2 demoras,0102,['0102']
El trato cercano y la escucha proporcionada por la persona que me atendi√≥ en cuanto a mis gustos y experiencias proporcionadas por el caf√© ,9801,['9601']
Las c√°psulas carillas,0201,[]
"Si no tienes problemas perfecto, si hay alg√∫n error lent√≠simo, muy poco eficiente",0808,['0404']
nada,0009,['0009']
"El sistema de env√≠o para las personas que compramos online porque no tenemos una boutique cerca, realmente con esta compra a demostrado ser una pesadilla ",0104,['0102']
"En general, desde a√±os atr√°s, estoy contento con la calidad y el servicio. Pero el √∫ltimo pedido, con recogida en una boutique, fue mal. Se equivocaron y no me entregaron el pedido completo.","9201,9995,0103",['0103']
Me gustar√≠a haber recibido alg√∫n vale para la pr√≥xima compra. ,0202,['0202']
Los dependientes de la boutique de Valladolid son excelentes,9701,['9701']
Fui muy bien atendida en el tel√©fono La m√°quina todav√≠a no la he probado ,9801,['9801']
Me han atendido estupendamente,9801,['9995']
"El √∫ltimo pedido que realic√© fue de 350 c√°psulas. Por casualidad, y porque no me quedaba ninguna c√°psula, abr√≠ la caja al rato de recibirla en casa. Mi sorpresa fue que solo ven√≠an 250 c√°psulas, faltaban 10 tiras (100 c√°psulas). Casi nunca suelo comprobar el pedido, pero esta vez vi muy pocos tubos en el env√≠o ya que ven√≠a una caja precintada que solo tra√≠a 20  y 5 que iban sueltos. A continuaci√≥n me puse en contacto con el tel√©fono 900 que me aparec√≠a en la factura y el operador muy amable me tom√≥ nota y me dijo que el martes recibir√≠a esas 100 c√°psulas que me faltaban.","0103,9801",['0103']
Siempre han sido muy amables y eficientes,9801,['9995']
"Producto, personal, comodidad en la adquisici√≥n del producto","9201,9801",['0208']
Tiene margen de mejora. No fue la mejor experiencia.,0095,['0095']
El caf√© es bueno pero tambi√©n muy caro,"9201,0201",['0201']
Desorganizados y muy mala atenci√≥n telef√≥nica ,0808,['0808']
"Precio elevado y la √∫ltima experiencia con mensajer√≠a SEUR no fue buena, ya que el plazo de entrega excedi√≥ la fecha estimada.","0201,0104","['0102', '0201']"
"El env√≠o tardo mucho, el repartidor me habl√≥ de mala manera coger el envio ya que estaba trabajando. Lleg√≥ varios d√≠as m√°s tarde y golpeado","0102,0104,0101","['0102', '0104']"
Atenci√≥n muy buena y me invitaron a un caf√© excelente,"9801,9702",['9702']
"A los pocos d√≠as de hacer el pedido recib√≠ un mensaje de SEUR inform√°ndome que por ausencia en el domicilio hab√≠an dejado el paquete en un comercio de mi localidad. En primer lugar, el d√≠a del que habla SEUR estuve todo el d√≠a en casa, tengo un perro que cuando alguien toca en el portero o en la puerta de casa ladra sin parar hasta que abro la puerta. En segundo lugar, todos los transportistas, incluidos los de SEUR, cuando alguien no contesta en casa llaman al destinatario o tocan a alg√∫n vecino. Y en tercer lugar, no han tratado de venir una segunda vez a entregarlo. En resumen, el repartidor de SEUR en ning√∫n momento vino a casa a entregar el paquete y lo llev√≥ directamente al comercio que me indicaron. Escrib√≠ a nespresso por el chat y no me contestaron ",0104,['0104']
Siempre atentos y dispuestos a ofrecer soluciones. ,9801,['9801']
"Horario muuuy amplio, ambiente acogedor, personal amable y paciente",9801,['9995']
SU TRATO ,9801,[]
Estoy encantado con el caf√©. Lo pido on line y me llega muy bien.  ,"9201,9501","['9201', '9501']"
"La dependienta del corner de la Gavia (Madrid),Cristina,es maravillosa. Siempre espero a que ella me atienda,pues es ambable,conoce muy bien el producto y me informa de todas las promociones y variedades si es necesario. Me parece una dependienta de 10. ",9701,['9601']
Me dijeron que vendrian a reparar la cafetera de 24 a 48 hora y tardsron mas de 4 dias,0402,['0102']
Muy buena atenci√≥n,9801,['9995']
La atenci√≥n personalizada del personal ,9801,['9701']
Esta muy bueno ,9201,['9995']
"Me gusta much√≠simo, solo que es un pel√≠n caro","9201,0201",['9201']
No me ha llegado la cafetera ,0102,['0102']
"LA ATENCI√ìN AL CLIENTE , Y COMO NESPRESSO ACT√öA CUANDO TIENES UN PROBLEMA.",9801,['9701']
Variedad,9201,['0206']
"Caf√© de calidad, f√°cil uso, servicio r√°pido en entrega. ","9201,9101","['9101', '9201']"
Buen producto y buen servicio,"9201,9995",['9995']
La atenci√≥n fue muy buena ,9801,['9701']
Calidad y surtido ,9201,['9201']
"Trato, conocimiento . Educaci√≥n . Todo con un buen saber estar ",9801,[]
"Realice un pedido en web un domingo, pero no me llego hasta 8 dias mas tarde, ya que la mensajeria decia que no estaba en casa. al reclamar el pedido se me ha obsequiado con un tubo y si consigui√≥ que se me entregara","0102,0104",['0102']
Penso amb l‚Äôatenci√≥n personal del senyor ( crec que es diu Raul ) va ser mol cordial y clara.,9701,[]
"Gran variedad, con calidad, a un precio razonable.",9201,"['0201', '9201']"
El √∫ltimo pedido albar√°n 100634230 ven√≠a incompleto faltaban parte de los regalos que me correspond√≠an. Han hecho otros 2 env√≠os sin enviarme el regalo que me corresponde RWNY2023 que no logran decirme a que corresponde. He tenido que llamar 3 veces y no se ha solucionado. Nunca me hab√≠a sucedido esto. Muy decepcionada.,"0103,0808",['0103']
Pel bon servei i per la seua Excel.lent qualitat,"9995,9201",['9995']
"Han tardado 1 semana en venir a recoger la cafetera que se me ha estropeado (en garant√≠a), cuando me dijeron que tardar√≠an entre 24 y 48 horas...",0402,['0402']
Las cafetera se estropean pronto,0207,['0207']
"Soy muy ""tiquis miquis"", con el caf√© y con nexpreso la soluci√≥n en domicilio ",9995,[]
"Se supone que al ser una empresa de alto nivel el servicio de entrega es realmente decepcionante, de duplic√≥ el pedido,no me Dan n√∫mero de seguimiento de reclamaci√≥n y la se√±orita que me atiende me pide que conf√≠e, la equivocaci√≥n parti√≥ de vuestra parte y tuve que esperar m√°s de 2 semanas para el abono de una de kas facturas duplicadas.las promociones que hacen nunca se ajusta a un cliente medio de 15 tubos al mes. ","0104,0202","['0103', '0202']"
"Mala experiencia con la empresa de transporte, pedido retrasado que hubo que repetir por deterioro, lo cual hizo que un caf√© de edici√≥n limitada estuviera ya agotado, y faltara en el pedido. Pero se cobr√≥. Volv√≠ a contactar, no tuve problema para q comprometieran la devoluci√≥n y me propusieran una soluci√≥n. Por las molestias me obsequiaron con un tubo del caf√© que consumo habitualmente. Nespresso responde pero en mi opini√≥n la empresa de transportes supone un problema.",0104,"['0101', '0102', '0103']"
"Muy mal servicio post venta, la m√°quina se ha estropeado estando en garant√≠a y sigo esperando informaci√≥n sobre mi m√°quina. Adem√°s recib√≠ una m√°quina de cortes√≠a sucia y en muy mal estado. ","0404,0405","['0401', '0406']"
"Me encanta este tipo de caf√©, los he probado todos, pero me quedo con arpegio  ",9201,['9201']
Resolvieron mis dudas y qued√© muy satisfecha con la explicaci√≥n que me dieron.,9801,['9801']
"√öltimamente el servicio online es p√©simo, voy a dejar de ser clienta despu√©s de 10 a√±os con nexpreso, por el mal servicio que tengo, actualmente llevo d√≠as reclamando mi pedido y no me lo entregan ","0501,0102",['0102']
Me falt√≥ parte del pedido,0103,['0103']
El noi va ser molt amable ,9801,[]
Buen√≠simos y muy buen sabor ,9201,['9201']
"la web es muy f√°cil de usar, los pedidos siempre llegan r√°pido ","9501,9101",['9501']
"Compre una maquina, me hicieron u a oferta por las capaulas y me toco pagar a contra reembolso",0202,['0095']
Buen trato y calidad del producto,"9801,9201","['9201', '9701']"
"Mi cafetera que tiene alrededor de un a√±o se ha estropeado dos veces y est√° segunda vez que se la han llevado a reparar despu√©s de m√°s de un mes sigo sin saber cuando la voy a tener reparada, estoy continuamente llamando para que me informen y solo me dicen que ponen una queja al servicio t√©cnico pero sigo igual, no se que m√°s hacer, me siento impotente al respecto.","0207,0404",['0406']
"Cada vegada estic m√©s conven√ßuda que NESPRESSO  √©s el meu caf√©. ""Excel.lent""",9201,['9201']
No se me entreg√≥ el pedido en el horario acordado. Hice reclamaci√≥n y tardaron 4 d√≠as en responderme y adem√°s con info erronea,"0102,0808","['0104', '0404']"
Tienen un servicio de post venta bueno ,9801,['9401']
Se nota que Nespresso domina muy bien el know-how del canal Internet. Compra f√°cil y r√°pida y sin problemas con los env√≠os,9501,['9501']
Porque me lleve 1 semana esperando mi pedido ,0102,['0102']
"Cuando las cosas est√°n bien hechas, se nota‚Ä¶ y cuando adem√°s se da un extra de cara al cliente, eso no solo te alegra el momento, sino que hay que resaltarlo.",9995,['9995']
Fiable y correcto.,9995,[]
"Despu√©s de 13 a√±os como cliente me siento totalmente enga√±ada. Durante m√°s de 10 a√±os tuve una latisima con la que estuvimos encantados. Recientemente, a trav√©s del programa de fidelizaci√≥n, la cambiamos por una Atelier, un gran error y peor m√°quina. Despu√©s de varias idas y venidas a servicio t√©cnico finalmente nos la cambiaron por una nueva. La nueva, vuelve a tener el mismo problema, claramente es un problema de dise√±o‚Ä¶.y la nueva ohhhhh sorpresa, no tiene garant√≠a, ha asumido el tiempo restante de la anterior con lo que en cuanto tiene el mismo problema que la anterior, nadie se hace cargo. Tenemos una cafetera con meses de funcionamiento, con la √∫nica soluci√≥n de que pagemos el arreglo de una m√°quina, que a los dos meses empez√≥ a dar problemas. Eso si, una gran p√©rdida de tiempo en llamadas de comprobaciones absurdas, que no llevaban a ning√∫n lado, m√°s que a hacer que el tiempo pasase y la garant√≠a tambi√©n. Ya que a pesar de comunicar en varias ocasiones, que ya se hab√≠an hecho y segu√≠a igual, nos mandaban repetirlas, comunicando nosotros que ya nos hab√≠a pasado con la anterior. Misi√≥n cumplida, la garant√≠a expir√≥ en este plazo. Obviamente, a d√≠a de hoy tenemos una cafetera con otro sistema en nuestro domicilio habitual y nos planteamos seriamente cambiar tambi√©n la de la segunda vivienda.","0207,0202","['0202', '0203', '0406']"
todo muy bien ,9995,['9995']
Los sabores. ,9201,[]
"Estuve esperando mucho rato a q me atendieran. Hab√≠a 3 personas atendiendo al publico, mucha gente esperando ser atendida. Un cliente estaba mirando cafetera para comprar, otra clienta compr√≥ caf√© e iban 3 amigas juntas y quisieron tomarse un caf√©, acabaron dos dependientas sirviendo cafes y nadie sacando cola de espera para comprar caf√©. El hecho de q la gente tom√© caf√©, si van mucho y solo compra uno hace q l espera sea muy muy larga y eso enfada a los q esperamos comprar r√°pido e ir nos.",0701,['0701']
Toda la informaci√≥n que me dieron fue la correcta ,9801,[]
"Estuve detr√°s de un pedido m√°s de dos semanas.  Me confirman la direcci√≥n de entrega en mi domicilio, el cual indiqu√© en el pedido, y al d√≠a siguiente me vienen indicando en la factura que lo entregar√≠an en otra direcci√≥n, ignoro a cuento de qu√© puesto que yo ah√≠ ya no resid√≠a y me hab√≠an confirmado el env√≠o. Sin ser eso lo peor, que vino despu√©s. Tuve que hacer numerosas llamadas a lo largo de dos semanas para que al fin me diesen una soluci√≥n. Sin ser mi culpa tuve que estar perdiendo el tiempo para ver si consegu√≠a hacerme con mi paquete‚Ä¶. En fin, una experiencia muy mala que se solucion√≥ porque tuve que insistir, pero me estoy planteando dejar se consumir este tipo de caf√©s puesto que adem√°s que son caros, me hacen perder el tiempo. Compraremos una cafetera normal como todo el mundo‚Ä¶ ","0102,0808",['0102']
La atenci√≥n del personal ,9801,[]
Yo siempre compro aqu√≠ ,9995,['9995']
Me gusta mucho caf√© la atenci√≥n ,9801,['9201']
"Soy un fan de la marca y claro prescriptor, con varias m√°quinas (unas 5). Me regalaron una Vertuo (y, como fue un regalo y comprado en El Corte Ingl√©s) ni yo ni la persona que me lo regal√≥ tiene el ticket, aunque evidentemente, por el n√∫mero de la m√°quina se puede saber que lleva menos de 1 a√±o. Pues no me funciona y la soluci√≥n es pagar una tarifa de 70‚Ç¨ para que me la arreglen (o sea, muy poco menos de lo que ser√≠a el precio de una nueva). No s√©, no me parece una propuesta muy adecuada. ","0207,0202",['0202']
Perque estic satisfet,9995,[]
"Cuando ha habido una incidencia no se ha dado la talla: algo q aparentemente era algo sencillo, devolver una m√°quina para comprar una superior y se ha convertido en una pesadilla de 3 semanas e innumerables gestiones.  ",0808,['0102']
Calidad y fuabilidad,9201,[]
Per qualitat i rapidesa de resposta,"9201,9801",['9995']
√öltimamente me ha defraudado la atenci√≥n telefonica,0808,['0808']
"Aunque en Nespresso especificaron que no enviara los accesorios de la cafetera, el transportista dijo que √©l ten√≠a orden de llevarla completa, cuando trajeron la cafetera de regreso faltaba una pieza.",0095,['0103']
La atenci√≥n personal es muy buena y los caf√©s excelentes ,"9801,9201",['9702']
"En la aplicaci√≥n aparec√≠a como entregado mi pedido y no lo estaba, llame para aclararlo, se pusieron en contacto con la empresa de reparto y dijeron que se lo hab√≠an entregado a un vecino‚Ä¶.. No me daban una soluci√≥n satisfactoria y pasada una hora lleg√≥ el pedido y el repartidor me dijo que era la entrega primera y no lo hab√≠an dejado en ning√∫n otro sitio.",0808,['0104']
Excelente calidad y trato con el cliente ,"9201,9801","['9201', '9701']"
Me encanta,9995,['9995']
No me han solucionado el problema,0095,[]
Son todos muy amables y hay mucha facilidad a la hora de hacer los pedidos y de recibirlos,"9801,9101",['9995']
Ofreceis buen servicio en general.,9995,['9995']
"Trato excelente en tienda. Profesional, correcto, educado, amablem",9701,['9701']
El producto es de calidad excelente.,9201,['9201']
Variedad y calidad. Trato excelente,"9201,9801","['9201', '9701']"
La atenci√≥n fue la correcta.,9801,['9801']
No he tenido la mejor atenci√≥n. Llevo esperando una cafetera que se me iba a cambiar ya 15 d√≠as. No me parece normal,0808,['0102']
Me gusta ,9995,[]
"Mande mi m√°quina a reparar, pagando por anticipado y me la devolvieron sin haber reparado el problema.Cuando reclame me dieron largas y ahora quedaron en venir a recogerlo para repararla de nuevo.",0401,['0406']
"La √∫ltima persona que me atendi√≥ lo hizo correctamente, pero las 2 anteriores me tomaron el pelo y me dijeron que me hab√≠an llamado por tel√©fono y escrito un correo para hacer una videollamada para intentar arreglar la m√°quina. Cosa que me desminti√≥ la √∫ltima chica con la que habl√©, que dio soluci√≥n a mi problema. ",0808,['0808']
La calidad del producto y el servicio tan excelente.,"9201,9801",['9995']
Gran trato y atenci√≥n.,9801,['9995']
"He pagat una maquina de cafe amb les quotes de la subscripcio , i despres de passar mes d'un any  del pla√ß obigatori de permanencia per la compra de la maquina de cafe, he demanat que tenia que fer per comprar-ne un altre i em diuen que he de donarme de baixa i esperar tres mesos per poder accedir a la compra d'un altra cafetera???. Aixo m'ho diu el seu servei d'atenci√≥ al client , en canvi a una de les seves botigues em van dir que ho podia fer  i que sols tenia que donarma de baixa la subscripcio de cafe i domar-me d'anta a la subscripcio de maquina.  Sinceramen to ho entenc.Crec que el que vostres volen es vendre i amb aquesta politica l'unic que aconseguiran  es desorientar als clents . ",0205,['0205']
"Es la segunda cafetera vertuo y encima la que me prestan de sustituci√≥n no funciona, hasta la teleoperadora me hizo una video llamada y fue imposible ponerla a punto ","0207,0405",['0405']
Creo que una marca tan importante como √©sta debe de garantizar que sus productos nos llegar√°n en perfectas condiciones y debe de exigir eso a las empresas de transporte. ,0104,['0101']
"Estoy muy satisfecha con Nespresso, pero considero que exigen mucha compra de c√°psulas para obtener premios y sobretodo a los que somos clientes de hace mucho tiempo.  ",0202,['9203']
Excelente conocimiento del personal,9801,['9995']
Excelente caf√©.  Buen servicio ,"9201,9995","['9101', '9201']"
Buena calidad ,9201,['9201']
x,0009,[]
"Entrega r√°pida. Como √∫nico problema, no me dejaba elegir para recoger en tienda (Valencia)",9101,['0102']
Porque √∫ltimamente los empleados ya no te ofrecen un caf√© para probar sabores nuevos ni te invitan a degustar un caf√© como antes. Se ha vuelto una experiencia de tienda normal al uso.,0702,['0702']
"Considero que para el flujo de clientes que hab√≠a, ser√≠a necesario m√°s dependientes",0095,['0708']
Tuve un problema con los cartuchos y parte de las c√°psulas que ven√≠an tocados .,0101,['0101']
"Tras probar otras marcas, me decant√≥ por las otras",0095,[]
Porque el personal es atento ,9801,['9601']
El sabor del caf√© es insuperable ,9201,['9201']
El contenido de la caja no se correspond√≠a al pedido realizado ,0103,['0103']
"La oferta de las 100 pastillas es un timo, son m√°s peque√±as que las uso habitualmente ",0202,['0202']
Los productos nespresso son muy buenos. Mi problema fue con la entrega. ,"9201,0104",['0102']
Buena maquina Buen cafe,9201,['9201']
Mai hem tingut problemes i sempre han estat molt atents amb nosaltres,9801,['9995']
"Trato increible, gusto exquisito y calidad excepcional","9801,9201","['9201', '9995']"
"mI ULTIMO PEDIDO TARDO M AS DE UNA SEMANA EN LLEGAR, TUVE QUE IR AL BAR A TOMAR CAFE. ""RIDICULO""",0102,['0102']
Muy profesionales ,9801,['9995']
Soy fan entusiasta de Nespreso,9995,['9203']
Personal calificado y atento,9801,['9995']
"Mala experiencia con la empresa de reparto, no con Nespresso.",0104,['0104']
"Antes me gustaba m√°s, ahora es un poco todo m√°s caro y al por mayor al principio de mimaban m√°s como clientes. ",0201,['0204']
"He comprado una m√°quina hace 15 d√≠as, y se me ha atascado 3 veces, sin poderla abrir y la c√°psula totalmente derretida. El Corte Ingl√©s se ha desentendido totalmente, adem√°s de ser maleducados. Y ahora espero la atenci√≥n de Nespresso","0207,0601","['0103', '0601']"
"Todo perfecto menos el servicio de mensajer√≠a que falla de vez en cuando,",0104,['0104']
La se√±orita fue amable y resolvi√≥ el problema ,9801,['9801']
"Caridad, precio y excelente boutique","9201,9701","['0201', '9201']"
"Le doy un cuatro porque en servicio t√©cnico son un fracaso,  no han cumplido con las,expectativa bueno ser√° la mensajer√≠a un c√∫mulo de todo, estoy esperando todav√≠a a mi cafetera.","0406,0104,0403",['0406']
"Tuve un problema con el env√≠o recibido, lleg√≥ en mal estado. Pero ha sido solventado de manera agil y r√°pida por el servicio de nespresso. ","0101,9801",['0101']
During the purchase of the Nesposo machine at media markt at finstad i was offered koffie-pads .... i received several mails but but NEVER received them. i was not home and i would receive a 2nd mail which i never received!,0095,['0103']
Per la rapidesa i efici√®ncia en la entrega de la comanda,9101,['9101']
Me gusta el sabor que tiene y la rapidez del env√≠o ,"9201,9101","['9101', '9201']"
PROBLEMAS CON EL ENVIO,0102,['0102']
El trato es exquisito en esta √©poca en la que todo da igual y los valores y la √©tica  se est√°n perdiendo,9801,[]
El caf√© es de calidad y la variedad,9201,['9201']
Los  caf√©s est√°n muy buenos ,9201,['9201']
"En l√≠neas generales la atenci√≥n ha sido buena salvo por el detalle de que ha sido imposible comprar las ediciones especiales de Vertuo, de pastel de calabaza y de galleta de jenjibre. ",0206,['0095']
La atenci√≥n fue muy r√°pida y muy amable,9801,"['9701', '9801']"
Me gusta el cafe y las variedades de Nespresso,9201,"['0206', '9201']"
"He tenido un problema con mi maquina vertuo ( es la tercera que tengo) tardaron en mandarme la de cortesia , cuando llego estaba toda manchada de cafe ","0207,0405",['0406']
sin duda trabajo profesional,9801,[]
Vinieron c√°psulas en mal estado . Ni me las han devuelto . El pedido tarda siempre bastante m√°s de lo que pone ,"0101,0102","['0101', '0102']"
Me gusta el caf√© y la m√°quina ,9201,['9201']
Facilidad de compra y rapidez de entrega ,9101,"['0102', '0208']"
Todo perfecto,9995,['0009']
"Sempre he tingut molt bona gesti√≥ amb vosaltres, per√≤ en l'√∫ltim pedido em deia que si comprava m√©s de 450 c√†psules s'enviaria un regal de unes tasses i altres coses i quan va arribar el pedido no hi havia res. Vaig trucar per informar-me si em podien solventar l'error i no em van donar una ra√≥ satisfactoria. ",0202,['0095']
No tienen palabras ,0095,[]
"Caf√© muy rico, aunque caro ","9201,0201","['0201', '9201']"
"La cafetera que cog√≠ para mi tiene un defecto, como tenia otra no la estrene en el momento y al llamar me dicen que tiene que ir a taller, no el cambio por otra.",0202,['0103']
"En los dos √∫ltimos pedidos olline (de m√°s de 250 c√°psulas) por aplicaci√≥n me indicaba que ven√≠an 2 regalos y en el pedido s√≥lo ven√≠a uno. En el √∫ltimo pedido que me pas√≥ esto, contact√© por chat para reclamar y finalmente me hicieron la entrega del segundo regalo. Pero la primera vez que me pas√≥, no reclam√©. Pienso que en el siguiente pedido online me volver√° a pasar. Por n√∫mero de c√°psulas que compro, en la web me indica que me pertenecen 2 regalos, pero luego tengo que reclamarlos.",0501,['0103']
Hicimos un cata a ciegas y nos ofrecieron las c√°psulas que nos gustaron gratis y no llegaron como nos prometieron en mi siguiente pedido.Llam√© por tel√©fono y me dijeron que me lo mandaban en el siguiente pedido.Todav√≠a no he necesitado caf√©.Espero que cumplan,0102,['0702']
Pel p√®sim servei d'entrega,0104,[]
"La √∫ltima incidencia que he tenido con mi m√°quina, han tardado mucho en venir a buscarla y traerme una de cortes√≠a por un error de Nexpresso.  Mi m√°quina no tiene ni un a√±o y es la segunda vez que se la llevan al servicio t√©cnico. Una de las operadoras que me atendi√≥ por tel√©fono, no sab√≠a nada de lo que le estaba explicando, se dedicaba a leer las instrucciones, muy poca profesionalidad.  Para solucionar, finalmente, mi incidencia he tenido que contactar con Nexpresso 4 veces. ","0402,0405,0207,0808","['0402', '0406', '0808']"
poca autonom√≠a del personal para ayudar en cuestiones de datos ,0808,[]
"Estoy muy contenta con la calidad del producto y la atenci√≥n a cliente. Aunque debo comentar que la previsi√≥n de ventas de las c√°psulas de eventos especiales no son muy buenas dado que siempre se agotan y hay momentos, que ya estamos en verano o ahora que no estamos ni en diciembre, y ya hay c√°psulas de edici√≥n especial que est√°n agotadas. No lo veo correcto. Por √∫ltimo, mencionar que el precio de las c√°psulas sigue siendo demasiado elevado. ","9801,9201,0202","['0201', '9201', '9701']"
"Fue amable , nos ayud√≥ en la indecisi√≥n que ten√≠amos para elegir, nos ofreci√≥ ella el caf√© que ten√≠amos ganas de probar por su recomendaci√≥n y fue acertada , el sitio donde los tomas ",9702,['9701']
"Me encanta el caf√©, la rapidez del servicio, pero lo que no me gusta nada, y he presentado una queja es el servicio de transporte. ","9201,0104",['0104']
El producto y la atenci√≥n son muy buenos,"9201,9801","['9201', '9701']"
"Compr√® una cafetera hace menos de un a√±o y despu√©s de 3 semanas de emails, pidi√©ndome las mismas cosas. Me dicen que mi cafetera, a la que se le hab√≠a roto el muelle, no entraba en garant√≠a y que por 75 euros me la reparaban, cuando me cost√≥ menos. Un sinsentido. Mi Dolce Gusto me diur√≤ 10 a≈Ños. Es decepcionante ",0202,['0202']
"En tienda f√≠sica no pod√©is resolver problemas relacionados con pagos, solo se puede a trav√©s de tel√©fono ",0095,"['0501', '0601']"
"Soy fan desde hace muchos a√±os y estoy muy satisfecho. Sin embargo, √∫ltimamente s√≠ siento algo de ""ca√≠da"" en mi percepci√≥n de la marca. En primer lugar los esfuerzos comerciales para pasar a la nueva versi√≥n de c√°psulas que para mi no tienen el menor inter√©s, y en segundo lugar la subida de precios disimulada. No tengo nada en contra de que se suban los precios, es normal, pero s√≠ que tipos de caf√© que antes eran parte de la selecci√≥n normal ahora se consideren ""especiales"" con un m√≠nimo rebranding pero siendo absol√∫tamente el mismo caf√©, y esto sea la excusa para subir el precio.","0202,0201","['0201', '0204']"
"Tengo 4 cafeteras con esta √∫ltima que es una Vertuo Next. Me he confundido en la compra y para colmo el caf√© sale fr√≠o, no soy capaz de sacar un caf√© caliente. He llamado a vuestro servicio y me han dicho que caliente la taza, en los otros modelos se puede tomar un buen caf√© caliente. ",0207,['0208']
"Todo ha ido correctamente, lo cual no es muy habitual hoy en d√≠a.",9995,['9101']
Estic sempre contenta menys aquesta √∫ltima vegada que va haver-hi un problema amb la tarja de cr√®dit ,0095,[]
"Hacer pedidos a trav√©s de la web es r√°pido, f√°cil y mas intuitivo que antes. Valoro mucho las ofertas y descuentos al hacer pedidos de m√°s de 50 c√°psulas porque los precios han subido una barbaridad.","9501,0201",['0201']
Principalmente la xalidad de las c√°psulas y la cafetera. No he tenido ning√∫n problema.,9201,['9201']
La log√≠stica no funciona.,0104,['0104']
El caf√© es magnifico y el servicio muy bueno y amable,"9201,9801","['9201', '9701']"
"Llevo desde el dia 7 sin cafetera cuando me cargaron en mi tarjeta la tarifa plana de 80‚Ç¨ y a dia de hoy 17, a pesar de sus 24 48 horas sigo esperando la cafetera de repuesto hasta que arreglen la mia",0102,['0104']
Despu√©s de pagar para que me traigan a casa el pedido tuve que reclamar 3 veces la entrega del pedido. Llega un pedido q no es el m√≠o sin ning√∫n albar√°n. No saben donde se encuentra el m√≠a. Me llaman desde la comisar√≠a de la Guardia Urbana y me dicen q tienen un paquete de Nespresso a mi nombre. Se lo han encontrado en la calle y tengo que ir yo a buscarlo. Como comprender√©is es impresentable todo lo que ha pasado,"0102,0103",['0103']
 El pedido 100596387 aun no hemos recibido y ya son mas de 10 d√≠as.  Reclamando al transportista que por favor nos entreguen la mercancia de 10:00 Horas a 14:00 horas durante Lunes y Viernes. Ni nos contesta.,0102,['0102']
Per mi es molt c√≤mode ,9995,[]
Sobre todo la atenci√≥n aunque tendr√≠an que valorar un poco m√°s la antig√ºedad como vlientes,9801,['0204']
"Nespresso la cafetera y el caf√©,perfecto.Pero se me averi√≥ la m√°quina y hemos estado mucho tiempo sin saber que pasaba,llamando continuamente y sin respuesta clara de que le pasaba.Era irreparable y me han mandado otra,eso perfecto tambi√©n.Hay que mejorar la comunicaci√≥n con el cliente.En casa somos muy cafeteros y no nos sent√≥ bien el estar tanto tiempo sin nuestra m√°quina.","9201,0404",['0406']
La atenci√≥n al clientes es muy buena y los caf√©s que tienen tambi√©n lo son.,9801,"['9201', '9701']"
"Compre la cafetera nespresso vertuo pop en enero del 2023,  ya no me funciona, hace limpieza, la reinicio etc, no se caf√©. He llamado 2 veces atenci√≥n al cliente e mandado un email con el ticket porque est√° en garant√≠a, me han dicho que me iban a llamar, llamo otra vez atenci√≥n al cliente y me dicen que me han llamado cosa que yo no he recibido dicha llamada. Llevo 3 d√≠as sin poder usar la cafetera y sin respuesta alguna de cuando se la van a llevar y traerme otra. ","0207,0808","['0202', '0406']"
"Intent√© consultar si pod√≠a cambiar tazas regalo por otra cosa y no pude, hice el pedido y al d√≠a siguiente me lleg√≥ notificaci√≥n de 5‚Ç¨no m√°s de descuento seg√∫n n√∫mero de c√°psulas pedidas, descuento que no se me aplic√≥.",0202,['0202']
"Tardaron dos meses en darme una ‚Äúsoluci√≥n‚Äù con la que yo no estoy de acuerdo. M√°quinas con publicidad enga√±osa que huelen mal y hacen peor caf√©, pero cuestan cientos de euros.  Nunca m√°s nada de Nespresso.","0808,0203",['0203']
Me encanta la nueva tienda de Nespresso de Alicante y la experiencia de poder probar los caf√©s in situ. La atenci√≥n al cliente es estupenda y siempre es perfecto pasar un rato comprando tanta variedad de caf√©.,"9701,9702",['9701']
ATENCION PERSONALIZADA Y CALIDAD DEL PRODUCTO,"9801,9201","['9201', '9701']"
Adoro la facilidad para tomar un buen caf√©.  El trato en la tienda de pamplona siempre es excelente.,9701,"['9201', '9701']"
"Tras muchas llamadas y varios meses sin m√°quina de caf√© y con un servicio t√©cnico muy deficiente, a principios de este a√±o se proporcion√≥ otra m√°quina que ha vuelto a fallar por el mismo motivo. Tras llamar a soporte, una chica muy amable me atendi√≥ para concluir dici√©ndome que no tiene garant√≠a ya la m√°quina. De nuevo un servicio muy malo por parte de Nespresso, solo se salva que el personal es amable y eficiente.","0406,9801",['0406']
"Bonjour , je suis Fran√ßaise donc je vous √©crit en Francais. J'ai un probl√®me avec ma machine a cafe depuis le 17 octobre et le probl√®me n'est toujours pas r√©solu . Je ne sais pas qui va lire ma r√©clamation mais la seule chose que j'ai a vous dire chez LeroyMerlin on m'aurait changer la machine et le probl√®me serait r√©gl√© . A ce jour j'attend toujours que l'on r√©cup√®re ma machine .......",0402,[]
Lo f√°cil que es todo,9995,[]
"poque es un producto caro, y si lo que quieres es una m√°quina mejor, nunca entran en las promociones y tampoco los regalos son buenos. Cualquier complemento atractivo est√° siempre fuera de ofertas o tienes que invertir mucho.","0201,0202",['0202']
"El chat de ayuda es muy √°gil , claro y me solucion√≥ todas mis dudas en unos minutos, aconsej√°ndome cu√°l era la mejor opci√≥n para m√≠ a la hora de elegir una m√°quina nueva. Y adem√°s en euskera, algo que valoro much√≠simo.",9501,['9995']
Perqu√® est√† car ,0201,[]
"Nespresso me parece excelente, el servicio de entrega a domicilio en el √∫ltimo envio pesimo",0104,['0102']
"Desde el 24 de septiembre esperando la reparaci√≥n de mi m√°quina (1 mes y tres semanas); recibo una m√°quina de substituci√≥n el 28 de octubre, tras dos d√≠as de uso descubro que √©sta contiene cucarachas y gusanos, por lo que solicito una nueva m√°quina de substituci√≥n, SEUR acude el 31 de octubre, se lleva la m√°quina con insectos y no deja ninguna otra; SEUR vuelve el 3 de noviembre a entregar la m√°quina de substituci√≥n pero no la entrega porque Nespresso les ha indicado que antes de entregarla deben llevarse la anterior, pese a que advert√≠ a Nespresso en dos ocasiones de que ya se la hab√≠an llevado; a fecha de hoy, sigo esperando una m√°quina de substituci√≥n, llamo a diario y los mensajes de los agentes cambian, unas veces me van a enviar una m√°quina de substituci√≥n, otras (08/11/23) resulta que mi m√°quina ya est√° reparada, pero no ha salido, luego s√≠ ha salido (15/11/23), pero como no llega, llamo y me dicen que o no est√° reparada o no ha salido de taller, no est√°n seguros (17/11/23). He solicitado una m√°quina nueva, la posibilidad de recogerla en una boutique si la cargan en mi cuenta. Responden que no se puede, demostrando la nula flexibilidad e incapacidad de resoluci√≥n de problemas de la empresa ante una situaci√≥n que, quiero pensar, no es habitual. Estamos suscritos al programa de cafeteras a trav√©s de la cuenta de mi pareja (DNI 40929788T), pues quisimos regalar una a mi suegro. Consideramos que en esta situaci√≥n, debemos de cancelar el programa, adquirir una cafetera para granos de caf√© y olvidarnos de las c√°psulas de Nespresso para dejar de sufrir este maltrato.","0404,0405",['0406']
Me gusta mucho el caf√© ,9201,['9201']
"Hubo un error en la encomienda, me cobraron en duplicidad y y no he recibido el caf√© de Per√∫, que era un regalo",0103,['0103']
La respuesta a mi problema ha sido √°gil y r√°pida,9995,['9801']
"He tenido un problema con una cafetera, y han venido a recogerla para arreglarla y me han dejado una en sustituci√≥n sin tener que abonar nada, y todos los que me han atendido han sido muy amables",9801,"['0405', '0406', '9801']"
me ayudaron con un problema que tenia para efectuar la descalcificacion de la cafetera,9801,['9401']
"Acababa de realizar poco tiempo antes un pedido. Me enviaron un email dici√©ndome que por la compra de un tipo de caf√© edici√≥n especial me enviar√≠an dos tacitas,  Lo confirme por tel√©fono. Entonces hice el pedido y no llego m√°s que el caf√© sin m√°s. Llame para preguntar que hab√≠a pasado y me tuvieron a espera tres veces pregunt√°ndose entre ellos y pas√°ndose, hasta q una trabajadora me dijo que lo sent√≠a pero que hab√≠a sido un error al comunicarlo y que no era as√≠ la oferta y por lo tanto no me correspond√≠an las t√°citas. Y nada m√°s me colg√≥. ","0203,0202",['0103']
Muy ,0009,[]
"llevamos much√≠simos a√±os utilizando las cafeteras y las capsulas de Nespresso y no nos cansamos de este exquisito caf√©s, tenemos en total 4 cafeteras de su marca, y hemos regalado much√≠simas.  La √∫nica queja que puedo poner y por cierto la he puesto, ha sido cuando el mes pasado me regalaron una vertuo y compramos 5 paquetes de capsulas en el mismo d√≠a de la entrega, luego la probamos y no nos gusto, devolvimos la cafetera y los caf√©s no nos permitisteis devolverlos.   eso me ha molestado bastante, creo que se puede hacer una atenci√≥n o alg√∫n cambio para un buen cliente. ","9201,0202",['0204']
Es la tercera m√°quina que tengo y no les puedo poner un pero a ninguna ,9201,['9201']
Me gusta la variedad de caf√©,9201,['0206']
La atenci√≥n recibida no me pareci√≥ la adecuada,9801,['0601']
Bien servicio y atenci√≥n. Calidad.,"9801,9201",['9995']
"Normalment faig les comandes per internet amb enviament a un punt de recollida. Al fer l'ultima comanda la web no em deixava triar l'opci√≥ d'enviament a un punt de recollida i per aix√≤ vaig contactar telef√≤nicament. Em varen informar que aix√≤ era degut al fet de tenir un obsequi. L'enviament havia de ser a casa, cosa que no m'interessava, o anar a una botiga. Aix√≠ doncs vaig decidir per passar per una botiga. Vaig fer la compra...per√≤ l'obsequi no mel varen donar perqu√® no sortia a l'ordinador. No √©s per l'obsequi, √©s per la total i in√∫til p√®rdua de temps  ",0202,['0095']
"Me encanta el caf√©, pero me preocupa la sostenibilidad.","9201,0302",['9301']
"La empresa contratada por vds para el env√≠o a domicilio, no lo hizo...y t√∫ e que ir a una tienda donde el empleado deposit√≥ la mercanc√≠a...si lo seyme hubiera acercado yo a una boutique Nespresso. Ya dej√© mi queja ",0104,['0104']
Me mandaron una cafetera de reserva mientras arreglan la m√≠a y no funciona,0405,['0405']
"As a customer of 6years I am extremely disappointed that a second machine has developed a fault that requires a workshop repair after 11 months of use. This was a replacement for my original machine which was purchased on the 15/6/21. Which also required a workshop repair after 18 months.  I was then asked to pay ‚Ç¨75 for a replacement machine which I suspect would be a refurbished model. I understand warranty of two years means just that, but to have two new machines needing replacement after two years 5 months is extremely disappointing from a multi national company like Nespresso.","0207,0202",['0406']
"Os compr√© 500 c√°psulas con la nueva Vertuo Pop (240‚Ç¨ de gasto) y la m√°quina ha salido defectuosa. Dentro de los 15 primeros d√≠as os inform√© de la situaci√≥n. Parece que hab√©is accedido a cambi√°rmela, pero a casi un mes de la compra que estamos, a√∫n espero solucionar el cambio. Hablar con vosotros es demasiado complicado y burocr√°tico para este tema. De la persona que atiende mi llamada es imposible pasar a cualquier otro responsable. Todo son ‚Äúdejamos nota y ya le llamar√°n‚Äù. Cuando me llam√°is no consigo o√≠ros al tel√©fono, al final se cuelga la llamada y ya no ten√©is la decencia de intentarlo m√°s tarde o otro d√≠a. Tengo que ser yo el que va detr√°s vuestro para pediros que me volv√°is a llamar. Y as√≠ estoy, con una m√°quina que no funciona y 240‚Ç¨ en c√°psulas que no puedo estar gastando. ¬øPod√©is de una vez gestionar el cambio y mandarme una nueva m√°quina? !! GRACIAS !!","0207,0808",['0103']
Porque me siento totalmente estafado e indefenso con una impotencia grandiosidad. Compre una m√°quina Nesspwsso se averi√≥ y con la escusa de que ser no va a recogerla ( cosa que es dif√≠cil de entender) pasan los d√≠as y los d√≠as y no van a recogerla para su reparaci√≥n.  Llamo a diario y siempre la misma historia que es culpa de la mensajer√≠a.  M√°s de 15 d√≠as llamando cada d√≠a y sin resultado.  Una verdadera verg√ºenza. ,0402,['0406']
Problemas con el transporte,0104,['0104']
Porque el cafe esta bueno la atenci√≥n es de primera y el servicio post venta es genial...,"9201,9801","['9201', '9701']"
Todo ha ido genial,9995,['9995']
El trato del personal as√≠ como las recomendaciones son muy satisfactorias.,9801,['9601']
La calidad del producto s√≥lo es superada por la profesionalidad y el trato humano del personal de la tienda que me atendi√≥ ,"9201,9801","['9201', '9601']"
Las se√±oritas que me atendieron fueron muy amables y atentas  As√≠ da gusto que te atiendan ,9801,['9601']
La amabilidad y profesionalidad de sus empleados,9801,['9801']
"Compramos la cafetera, hicimos el pedido de c√°psulas en la tienda donde nos aseguraron que llegar√≠an en 24 horas y el pedido tard√≥ nueve d√≠as en llegar. Cada d√≠a Seur me enviaba un mensaje diciendo que iba a ser entregado y luego otro diciendo que lamentaban el retraso.  Tuvimos que reclamar varias veces y estar pendiente del tema mucho tiempo. ","0102,0104",['0102']
"La atenci√≥n fue estupenda.la calidad de los productos, como siempre, muy buena.","9801,9201","['9201', '9701']"
"Pues soy un gran cliente habitual pero cuando he ido a comprar c√°psulas de caf√© con formato antiguo (no de las nuevas que son m√°s grandes y anchas), pues me dicen que no tengo ofertas asociadas a ese tipo de c√°psula pero s√≠ las tengo para las nuevas. Entonces lo √∫nico que me pudieron ofertar fue una triste taza de cristal peque√±a con platito ",0202,['0204']
"La atenci√≥n en el punto de venta fue muy buena, con recomendaciones por parte del personal que me atendi√≥ para ayudarme a decidir diversos sabores y gustos habituales. Facilidad para el env√≠o. Excelente experiencia",9801,['9701']
"Nespresso no √©s una mala marca, t√© qualitat en el caf√©. La nova m√†quina VERTUO t√© molt que desitjar. ","9201,0207",['9201']
El primer problema quw tengo en a√±os y esperaba otra respuesta por parte de nespreso.,0095,[]
"Atenci√≥n excelente, sugerencias, innovaci√≥n e informaci√≥n detallada ",9801,['9995']
"Compre la cafetera y ven√≠a con una oferta de c√°psulas , que la cog√≠ y a√∫n estoy esperando que me la traigan , di todos mis datos y me dijeron que me traerian las c√°psulas a casa , si ofrecen algo lo l√≥gico es cumplirlo , ya que sino hubiera comprado otra m√°quina  ","0102,0203",['0102']
Perqu√® estic contenta del servei. ,9995,['9995']
Me gusta mucho.,9995,['9995']
"Ens encanta la varietat de gustos i novetats, per√≤ s'ha de tenir compte el preu final que acabes pagant. ","9201,0201",['0201']
"pues con el fiasco que me he llevado con la cafetera q supuestamente es compatible con nesspresso pero no es asi, estoy muy desilucionada",0203,['0203']
"Nuestra cafetera Vertuo Plus se averi√≥ y nos enviaron una Vertuo Pop de sustituci√≥n, la cual necesitaba descalsificarse porque s√≥lo nos funcion√≥ el primer dia. No entiendo como env√≠an una m√°quina para sustituir la nuestra por una que requiere  descalsificarse. Muy Mal!!!!  De la atenci√≥n telef√≥nica recibida por el equipo t√©cnico no tenemos ninguna queja, son siempre muy amables y pacientes.","0405,9801","['0405', '9801']"
"El transporte es malo, peor imposible",0104,['0104']
"Por tener una m√°quina de cafe que vale dinero y cada 2 a√±os pagando la reparacion, creo, que tener la fama de una empresa de alto nivel de productos no coresponde con calidad del mismo, es un enga√±o de clientes. ","0207,0203",['0202']
Porque est√° muy bueno ,9201,['9201']
Recib√≠ incompleto mi pedido y todav√≠a estoy a la espera de recibirlo completo,0103,['0103']
"Espere una semana para recibir una machina que era rota Habl√© en el WhatsApp con personas de Nespresso para encontrar soluciones pero no parec√≠an capaz de solucionar problemas  El proveedor SEUR toma su tiempo para la entrega anulando sin raz√≥n! Un pesadilla y los empleados de Nespresso v√≠a WhatsApp no ofrecen compensaci√≥n hasta que le pregunto .. 2 cajas de caf√®‚Ä¶.., El problema todav√≠a no est√° solucionado  ","0808,0104,0501","['0101', '0102', '0104']"
"Porque el pasado 16/11/2023, necesit√© chatear con un asesor y no fue posible, nunca atendi√≥ mi solicitud para hablar con √©l....",0501,[]
Muy buen sabor cada uno de las c√°psulas q h probado ,9201,['9201']
Atenci√≥n excelente y resoluci√≥n incidencia correcta,9801,['9801']
"El martes d√≠a 14 recibo en casa una m√°quina de cortes√≠a por que la mia se ha estropeado, la saco de la caja, la enchufo, preparo para hacer un caf√© y la m√°quina est√° estropeada, llamo seguidamente al 900 259 259, le explico el problema y una recepcionista, muy amable, me dice que toma nota para comunicarlo a talleres y que se pondr√°n en contacto para subsanar el problema y estamos a d√≠a 19, de momento tengo mi m√°quina estropeada en casa, por que SEUR todav√≠a no vino a recogerla y Nespresso no se ha puesto en contacto conmigo para cambiarme la m√°quina de cortes√≠a por otra que funcione y llevarse la estropeada. Lo que significa que a d√≠a de hoy no puedo tomar caf√© en casa. Espero que me puedan arreglar el problema a la mayor brevedad posible. Muchas gracias","0405,0808",['0406']
El caf√© es muy bueno y la atenci√≥n tambi√©n,"9201,9801","['9201', '9701']"
Atenci√≥n r√°pida y eficiente.,9801,['9801']
"Un producto excelente, un servicio postventa mejor.","9201,9801",['9401']
"De momento me gusta todo, los caf√©s, la atenci√≥n en tienda y la atenci√≥n por tel√©fono","9201,9701,9801","['9201', '9701', '9801']"
"El producto excelente, la mensajer√≠a p√©sima, lo peor... casi una semana para entreg√°rmelo cuando normalmente en 24 horas lo recibo. No volver√© a comprar a trav√©s de la web","0204,0104,0102",['0104']
"No es de recibo que envieis una m√†quina de sustituci√≥n sin instrucciones de uso y con la que que cuesta una barbaridad hacer caf√© debido a que es poco manejable su apertura, adem√°s al no tener los accesorios correspondientes ha resultado poco higi√©nica al tener caf√© derramado debajo de la m√°quina.. Mi esposa no la ha podido utilizar",0405,['0405']
"Llame el 04/11/2023 parta que me ayudaran con una descalcificacion, y la se√±orita que me atendio me dijo que tenia que hacer una limpieza primero, le indique que tenia liquido descalcificador, que si lo quitaba, y me dijo que no (lo teneis apuntado en vuestras anotaciones). Desde ese momento la maquina dejo de funcionar y empezo a echar un liquido sucio por debajo. Volvi a llamar y me indicaron que NO TENIA QUE HABER HECHO UNA LIMPIEZA CON LIQUIDO DESCALCIFICADOR PORQUE VA POR CONDUCTOS DIFERENTES CADA COSA. todas estas cosas estan anotadas en las llamadas que llevo haciendo desde el 04/11 en mi ficha. Me indicaron que tenia que hacer una limpieza cada media hora a la maquina para que soltara el agua que estaba por dentro y salia por abajo, por supuesto lo hice, y despues me indicaron que descalcificara. el miercoles 8 de noviembre descalcifique, segun sus indicacions (tambien esta la llamada) el cafe sigue sin salir, y sigue saliendo agua por abajo. Desde ese momento he hecho 5 llamadas, y no solo, no me han resuelto el problema, sino que ademas me mienten. me dicen que pasan incidencia y me llamaran y no me ha llamado NADIE.  me parece penoso que una empresa como vosotros, tenga a una persona desde el 04/11 sin maquina y no seais capaces de solucionar algo que habeis ROTO VOSOTROS.  supongo que a esto tampoco contestareis......  una pena ",0808,['0406']
Porque hace muchos a√±os que lo consumo y me sigue encantando.,9201,['9203']
Llevamos m√°s de 24 a√±os siendo fieles a Nespresso porque nos encanta. La primera cafetera la compramos en Vin√ßon en Barcelona y nos la llevamos a Santa Cruz de Tenerife‚Ä¶,9201,['9203']
Me encanta ,9995,['9995']
"El motivo de mi √∫ltimo contacto con Nespresso fue que se me rompi√≥ la cafetera y llam√© para ver si me pod√≠an adelantar alguna oferta como las que me.mandan peri√≥dicamente,  ""comprando un n√∫mero de c√°psulas regalan la maquina"", pero no fue posible, solo hab√≠a descuentos o la.posibilidad de reparar la m√°quina abonando el coste. A los dos d√≠as recib√≠ un correo con publicidad de Black Friday en el que por la compra de 500 c√°psulas regalan una m√°quina.  Despu√©s de tantos a√±os con Nespreso la verdad es que fue un desenga√±o","0202,0203",['0202']
"La calidad del producto as√≠ como el m√©todo de preparaci√≥n y la diversidad . . .en general, disfrutar del caf√© en casa",9201,['9201']
Envi√© mi m√°quina Nespresso para reparar el dia 8 de noviembre y todav√≠a no tengo noticias del servicio tecnico por lo que llevo casi un mes sin cafetera  ,0404,['0403']
Me prometieron un descuento de 20 euros para mi siguiente pedido y cuando lo indiqu√© me dijeron que 10 hab√≠an caducado. Nadie me habl√≥ de caducidad,0202,['0202']
Los valores de la marca. Me siento totalmente identificado.,9995,['9995']
Problema con la entrega del pedido y es la segunda vez que me pasa. Tard√© 10 d√≠as en recibirlo y la empresa de transporte lo dej√≥ donde le pareci√≥. Alegaban que la direcci√≥n de entrega era err√≥nea y que no hab√≠a nadie en casa y eso es totalmente falso. La vez anterior la caja con el pedido lleg√≥ rota y abierta.,"0102,0104,0101",['0102']
"Nespresso tiene que tener un servicio al cliente al nivel de de la imagen que proyectan. Si una factura no es clara, se modifica y se da una respuesta adecuada al cliente. Adem√°s, el √∫ltimo contacto no tuvo respuesta. Incomprensible.",0808,['0808']
Continuas aver√≠as de las m√°quinas VERTUO,0207,['0406']
Ptoducto de calidad. Trato muy profesional. Promociones y regalos atractivos.,"9201,9801","['0202', '9201']"
Tuve problemas para la recepci√≥n de pedido. ,0095,['0102']
"Hice un pedido con entrega programada y me lleg√≥ casi una semana despu√©s. Lo reclam√© cada d√≠a y las personas de atenci√≥n al cliente fueron encantadoras y atentas pero, no pudieron solucionarlo. Supongo que el actual servicio de mensajer√≠a no est√° a la altura de vuestra empresa. En la primera reclamaci√≥n, la persona que me atendi√≥ me prometi√≥ un tubo de caf√© gratis en el siguiente pedido pero, sin comprobante al respecto.","0102,0104",['0102']
Me encanta el trato del servicio y la calidad,"9801,9201","['9201', '9701']"
